scoring,market,purchasing_date,review_title,review_content,item
100점,롯데하이마트,2024.09.21.,"
카메라 컨트롤은 일단 굳이?아이
",카메라 컨트롤은 일단 굳이?아이폰은 어차피 아이폰이라서 쓰는거라..평가 할게 없고디자인이 일단 너무 이쁜데 하이마트에서 구매하면애플케어가 반값이라 좋았어요쌩폰 조합으로 지문 필름 후면 측면 붙이고 액정보호필름 붙여서 쌩폰으로 쓰는데무게도 가볍고 그립감도 좋고 매우 만족합니다!타사에서 살땐 박스가 흠 있을때가 있었는데포장도 확실하게 와서 매우 마음에 들었습니다.,"APPLE 아이폰16 128GB, 자급제 (자급제 공기계)"
80점,롯데하이마트,2024.09.22.,"
카메라 버튼을 대체 왜 만들었는
",카메라 버튼을 대체 왜 만들었는지 모를 일이지만 13에서 16으로 바꾸니 가볍기도 하고 성능도 좋아진게 느껴지네요 다만 외관 카메라 주위에 검은색 먼지라고 해야하나 뭐가 묻어있는데 지워지거나 빠지지않아요 쓰는데 문제되진 않아서 교환환불도 귀찮으니 그냥 쓰렵니다,"APPLE 아이폰16 128GB, 자급제 (자급제 공기계)"
100점,11번가,2024.09.27.,"
최고예요
",4년동안 아이폰12 블랙을 사용했는데 배터리도 빨리 줄어들고 속도도 느려져서 아이폰16 2차예약 자급제로 구매했습니다. 1차예약 물량이랑 같은날 배송되어 빠르게 받아볼수 있었고 색상도 틸색상 너무 이쁘고 깔쌈해서 만족합니다.,"APPLE 아이폰16 128GB, 자급제 (자급제 공기계)"
100점,11번가,2024.10.11.,"
최고예요
","슈팅배송을 처음 접했습니다.저는 ‘면’단위 시골에 사는데, 로켓배송도 직접 배송이 안됩니다. 그런데,슈팅배송... 감동했습니다.오후 11시 넘어 주문, 다음날 바로 받아보네요..포장은 안전하고 튼튼하게 빵빵한 포장재로..선물용으로 구매했는데, 너무 마음에 듭니다.그리고 4만 원의 포인트까지 주니 기본적으로카드로 구매한다고 했을 때 다른 곳보다 저렴합니다.게다가 22개월 무이자할부까지 가능한 11번가..11번갓.. 애플 갓..","APPLE 아이폰16 128GB, 자급제 (자급제 공기계)"
80점,11번가,2024.11.06.,"
좋아요
",아이폰 성능이야 말해 뭐해요!! 완전 좋음여기저기 알아봐도 자급제는 가격이 똑같더라고요.그래서 이왕이면 무이자 할부를 많이 해주는곳을 봤더니 역시 11번가가 제일 좋음.,"APPLE 아이폰16 128GB, 자급제 (자급제 공기계)"
100점,11번가,2024.10.28.,"
최고예요
",지금까지 아이폰만 사용하고 있어요~ 디자인 성능 안전성 모두 만족하고 있습니다 이건 가벼워 휴대하기가 용이하네요~,"APPLE 아이폰16 128GB, 자급제 (자급제 공기계)"
100점,11번가,2024.09.27.,"
최고예요
",새로산 아이폰으로 찍은 영상이라 박스만 찍었습니다 3차 예약이라 10월에나 받을 수 있을 줄 알았는데 빨리 와서 넘 좋아요 하루 써봤는데 여러 기능 추가된 것보다도 C핀으로 바뀐 게 제일 만족스러워요,"APPLE 아이폰16 128GB, 자급제 (자급제 공기계)"
100점,롯데하이마트,2024.09.20.,"
하이마트에서 구매한 덕에 애플케
",하이마트에서 구매한 덕에 애플케어 플러스를 꽤 저렴하게 잘 샀습니다. 이번에는 케이스 필름 붙이지 않고 걱정없이 쌩폰으로 쓰려고 합니다. 이쁜 색상을 가리지 않아도 되서 매우 만족합니다.,"APPLE 아이폰16 128GB, 자급제 (자급제 공기계)"
100점,11번가,2024.10.12.,"
최고예요
",카메라버튼 유용하게 잘 쓸것같아요 ! 디자인도 이쁘규 카메라 세로로 붙은게 좋아요 ㅜ,"APPLE 아이폰16 128GB, 자급제 (자급제 공기계)"
100점,롯데하이마트,2024.09.23.,"
최고스펙, 최대화면, 최대배터리
","최고스펙, 최대화면, 최대배터리에 꽂혀서 살던 제게 경량이라는 새로운 패러다임을 제시한 폰입니다. 가벼운게 최고네요. 체감이 확실하고 만족도가 큽니다.","APPLE 아이폰16 128GB, 자급제 (자급제 공기계)"
100점,롯데하이마트,2024.09.21.,"
카메라 컨트롤은 일단 굳이?아이
",카메라 컨트롤은 일단 굳이?아이폰은 어차피 아이폰이라서 쓰는거라..평가 할게 없고디자인이 일단 너무 이쁜데 하이마트에서 구매하면애플케어가 반값이라 좋았어요쌩폰 조합으로 지문 필름 후면 측면 붙이고 액정보호필름 붙여서 쌩폰으로 쓰는데무게도 가볍고 그립감도 좋고 매우 만족합니다!타사에서 살땐 박스가 흠 있을때가 있었는데포장도 확실하게 와서 매우 마음에 들었습니다.,"APPLE 아이폰16 128GB, 자급제 (자급제 공기계)"
80점,롯데하이마트,2024.09.22.,"
카메라 버튼을 대체 왜 만들었는
",카메라 버튼을 대체 왜 만들었는지 모를 일이지만 13에서 16으로 바꾸니 가볍기도 하고 성능도 좋아진게 느껴지네요 다만 외관 카메라 주위에 검은색 먼지라고 해야하나 뭐가 묻어있는데 지워지거나 빠지지않아요 쓰는데 문제되진 않아서 교환환불도 귀찮으니 그냥 쓰렵니다,"APPLE 아이폰16 128GB, 자급제 (자급제 공기계)"
100점,11번가,2024.09.27.,"
최고예요
",4년동안 아이폰12 블랙을 사용했는데 배터리도 빨리 줄어들고 속도도 느려져서 아이폰16 2차예약 자급제로 구매했습니다. 1차예약 물량이랑 같은날 배송되어 빠르게 받아볼수 있었고 색상도 틸색상 너무 이쁘고 깔쌈해서 만족합니다.,"APPLE 아이폰16 128GB, 자급제 (자급제 공기계)"
100점,11번가,2024.10.11.,"
최고예요
","슈팅배송을 처음 접했습니다.저는 ‘면’단위 시골에 사는데, 로켓배송도 직접 배송이 안됩니다. 그런데,슈팅배송... 감동했습니다.오후 11시 넘어 주문, 다음날 바로 받아보네요..포장은 안전하고 튼튼하게 빵빵한 포장재로..선물용으로 구매했는데, 너무 마음에 듭니다.그리고 4만 원의 포인트까지 주니 기본적으로카드로 구매한다고 했을 때 다른 곳보다 저렴합니다.게다가 22개월 무이자할부까지 가능한 11번가..11번갓.. 애플 갓..","APPLE 아이폰16 128GB, 자급제 (자급제 공기계)"
80점,11번가,2024.11.06.,"
좋아요
",아이폰 성능이야 말해 뭐해요!! 완전 좋음여기저기 알아봐도 자급제는 가격이 똑같더라고요.그래서 이왕이면 무이자 할부를 많이 해주는곳을 봤더니 역시 11번가가 제일 좋음.,"APPLE 아이폰16 128GB, 자급제 (자급제 공기계)"
100점,11번가,2024.10.28.,"
최고예요
",지금까지 아이폰만 사용하고 있어요~ 디자인 성능 안전성 모두 만족하고 있습니다 이건 가벼워 휴대하기가 용이하네요~,"APPLE 아이폰16 128GB, 자급제 (자급제 공기계)"
100점,11번가,2024.09.27.,"
최고예요
",새로산 아이폰으로 찍은 영상이라 박스만 찍었습니다 3차 예약이라 10월에나 받을 수 있을 줄 알았는데 빨리 와서 넘 좋아요 하루 써봤는데 여러 기능 추가된 것보다도 C핀으로 바뀐 게 제일 만족스러워요,"APPLE 아이폰16 128GB, 자급제 (자급제 공기계)"
100점,롯데하이마트,2024.09.20.,"
하이마트에서 구매한 덕에 애플케
",하이마트에서 구매한 덕에 애플케어 플러스를 꽤 저렴하게 잘 샀습니다. 이번에는 케이스 필름 붙이지 않고 걱정없이 쌩폰으로 쓰려고 합니다. 이쁜 색상을 가리지 않아도 되서 매우 만족합니다.,"APPLE 아이폰16 128GB, 자급제 (자급제 공기계)"
100점,11번가,2024.10.12.,"
최고예요
",카메라버튼 유용하게 잘 쓸것같아요 ! 디자인도 이쁘규 카메라 세로로 붙은게 좋아요 ㅜ,"APPLE 아이폰16 128GB, 자급제 (자급제 공기계)"
100점,롯데하이마트,2024.09.23.,"
최고스펙, 최대화면, 최대배터리
","최고스펙, 최대화면, 최대배터리에 꽂혀서 살던 제게 경량이라는 새로운 패러다임을 제시한 폰입니다. 가벼운게 최고네요. 체감이 확실하고 만족도가 큽니다.","APPLE 아이폰16 128GB, 자급제 (자급제 공기계)"
60점,롯데하이마트,2024.09.24.,"
13일에 1차 예약 성공해서 금요일
",13일에 1차 예약 성공해서 금요일에 가장 먼저 받을 줄 알았는데 대리점에서 19일에 예약했다는 사람들이랑 비슷하게 와서 넘 아쉬웠어요 (배송예정일보다 하루 늦게 도착) 출고정보나 배송정보 업데이트가 매우 늦고 고객센터도 모른다고 해서 진짜 답답해 죽는줄 알았지만 휴대폰은 정말 예쁩니다 안전하게 잘 배송왔어요,"APPLE 아이폰16 128GB, 자급제 (자급제 공기계)"
100점,11번가,2024.10.20.,"
최고예요
",11번가로 물건 오랜만에 사보는데 그게 아이폰이네요 ..!! ㅋㅋ 배송 패킹해주는 영상 도 등록해주시고 장난감 기다리는 애들처럼 설레는 맘으로 봤어요 ㅋㅋㅋ 폰을 5년만에 바꾸는건데 정말 빠르고 좋아요 ㅎㅎ 그리고 배송도 다음날 오전에 옵니다!!! (수도권기준) 만족 해요!!,"APPLE 아이폰16 128GB, 자급제 (자급제 공기계)"
100점,롯데하이마트,2024.12.28.,"
생각했던것보다너무 예쁜 핑크
",생각했던것보다너무 예쁜 핑크색이에요.아이폰 카메라는 말할것 없이 좋앙ㅅ.기존 사용 휴대폰보다가벼워서 사용도 편해요.할인받아 저렴한 가격에 구입했고배송도 빨리 받을 수 있었습니다.,"APPLE 아이폰16 128GB, 자급제 (자급제 공기계)"
100점,11번가,2024.10.28.,"
최고예요
",3차 예약으로 구입했는데 감사하게도 예상보다 빨리 보내주셨어요~11번가 포인트 받고 하니 11번가에서 가장 저렴하게 빨리 구입한거 같아요~후불호 없는 화이트 정말 맘에 들고 c케이블이라 좋아요~!가족이 모두 아이폰이라 함께 쓰니 편리하고 좋아요,"APPLE 아이폰16 128GB, 자급제 (자급제 공기계)"
100점,롯데하이마트,2024.09.25.,"
사촌 생일선물로 주고 깔때 보니
",사촌 생일선물로 주고 깔때 보니까 색도 예쁘고가볍고 좋아보이더라구요삼촌이랑 반반씩 해서 선물해줬는데제가 다 가지고 싶을 정도입니다16프로맥스는 생각보다 커서손이 작은 분들은 일반모델이나 스펙상 사이즈 비슷한 프로 시리즈 추천드립니다…,"APPLE 아이폰16 128GB, 자급제 (자급제 공기계)"
100점,11번가,2024.09.29.,"
최고예요
",너무 좋습니다 하루만에 바로 배송받았고 12프로에서 일반으로 넘어가는거지만충분이 업그레이된 폰이라는걸 바로 알수있습니다. 스피커 성능 너무 좋구요 색감 핑크 나쁘지 않습니다.,"APPLE 아이폰16 128GB, 자급제 (자급제 공기계)"
80점,11번가,2024.10.17.,"
좋아요
","틸 색상 오묘해서 예쁩니다다만 전 화이트가 더 예쁜 거 같아요그리고 일반 구입하긴 했는데 원래 프로맥스, 플러스 모델을 써와서 그런지 화면이 매우 작게 느껴져요무게는 진짜 가볍습니다","APPLE 아이폰16 128GB, 자급제 (자급제 공기계)"
100점,롯데하이마트,2024.09.22.,"
가볍고 화면도 크고 좋네요특히
",가볍고 화면도 크고 좋네요특히 카메라버튼 아주 마음에 듭니다.?20일 배송이었는데 저녁 7시에 택배 도착해서 하루종일 기다리느라 힘들었습니다 ㅋㅋ,"APPLE 아이폰16 128GB, 자급제 (자급제 공기계)"
60점,11번가,2024.12.12.,"
보통이에요
",프로를 쓰다 새로 바꿨는데 무게는 가볍고 티타늄보다 익숙하진 않네요. 트레이드인으로 보상판매도 신청했는데 생각보다 파손 침수 없어도 가격책정이 낮게 되더라구요.,"APPLE 아이폰16 128GB, 자급제 (자급제 공기계)"
100점,롯데하이마트,2024.09.21.,"
아이폰13프로 쓰다 넘어왔어요우
",아이폰13프로 쓰다 넘어왔어요우려한 주사율부분은 크게 체감되지않았고새로생긴 카메라버튼도 은근편하네요색상도 이쁘고 넘어오길 잘한거같아요,"APPLE 아이폰16 128GB, 자급제 (자급제 공기계)"
100점,롯데하이마트,2024.09.27.,"
생각보다 매우 빠른 배송에 감사
",생각보다 매우 빠른 배송에 감사드립니다제품이야 아들 녀석이 사용할꺼라 당연히 만족일 듯 싶네요나중에 적립 될 혜택을 보면 당연 최고의 사전 예약인 것 같네요,"APPLE 아이폰16 128GB, 자급제 (자급제 공기계)"
100점,11번가,2024.10.11.,"
최고예요
",제품 좋습니다무게도 가벼운 편이어서 편하게 잘 쓸 수 있을 것 같세요에어패킹으로 파손없이 잘 받았습니다카메라 컨트롤 부분은 아직 적응이 않되네요얇은 편이어서 만족합니다,"APPLE 아이폰16 128GB, 자급제 (자급제 공기계)"
100점,11번가,2024.10.08.,"
최고예요
",딸 생일선물로 사줬어요 초1부터 지금현재 고2인데 계속 아이폰만 쓰네요 항상 화이트나 핑크 썼는데 어두운색 처음으로써보니 새롭고 좋다고 그러네요 사진 줌~~~되는게 신기해요ㅎ,"APPLE 아이폰16 128GB, 자급제 (자급제 공기계)"
100점,11번가,2024.10.18.,"
최고예요
",3년간 아이폰13미니 쓰다가 16으로 바꾸게 되었는데 배송도 빠르고 안전하게 잘 도착했습니다튼튼하고 무엇보다 정말 예쁘네요 틸그린색상으로 하길 잘한거같아요 아주 만족합니다!,"APPLE 아이폰16 128GB, 자급제 (자급제 공기계)"
100점,SSG.COM,2024.09.24.,"
중딩 친척 동생 선물로 줬는데 예쁘고 색도 생각보다 잘
","중딩 친척 동생 선물로 줬는데 예쁘고 색도 생각보다 잘 나와서 엄청 좋아하네요ㅋㅋ
갤럭시 보급형 줄라다 아이폰으로 틀어서 참 다행입니다 
","APPLE 아이폰16 128GB, 자급제 (자급제 공기계)"
100점,신세계몰,2024.09.24.,"
중딩 친척 동생 선물로 줬는데 예쁘고 색도 생각보다 잘
","중딩 친척 동생 선물로 줬는데 예쁘고 색도 생각보다 잘 나와서 엄청 좋아하네요ㅋㅋ
갤럭시 보급형 줄라다 아이폰으로 틀어서 참 다행입니다 
","APPLE 아이폰16 128GB, 자급제 (자급제 공기계)"
80점,롯데하이마트,2024.09.24.,"
배송 27일부터 순차적 배송이라 되
",배송 27일부터 순차적 배송이라 되어있었는데 23일날 도착했습니다폰에 필름 붙이다가 손 미끄러졌는데 손톱으로 한번 긁으니까 바로 기스나네요 ㅜㅜ,"APPLE 아이폰16 128GB, 자급제 (자급제 공기계)"
100점,롯데하이마트,2024.10.10.,"
너무너무 좋아요아이폰11쓰다가 1
",너무너무 좋아요아이폰11쓰다가 16으 로 넘어왔는데무게도 좀 더 가볍고 사진이 정말 잘 나오네요최고입니다,"APPLE 아이폰16 128GB, 자급제 (자급제 공기계)"
100점,롯데하이마트,2024.09.24.,"
2차예약이라 27일 이후 받는걸로
","2차예약이라 27일 이후 받는걸로 알고있었는데, 23일 받았습니다~여러사이트 고민하다 하이마트온라인구매시 애플케어플러스50%할인이라 혜택 받고 구매 했습니다.","APPLE 아이폰16 128GB, 자급제 (자급제 공기계)"
100점,롯데하이마트,2024.10.02.,"
접사기능이 추가되서 좋아요.아
",접사기능이 추가되서 좋아요.아이폰12에서 넘어왔는데 만족합니다!,"APPLE 아이폰16 128GB, 자급제 (자급제 공기계)"
100점,롯데하이마트,2024.09.20.,"
아기다리고기다리던 ^^12미니에서
",아기다리고기다리던 ^^12미니에서 갈아탔습니다~검정색인데 좀 매트한 컬러네요~ 카메라가 많이 좋아진 것 같습니다~저한테는 좀 큰데... 미니가 다시 나와줬으면 싶네요,"APPLE 아이폰16 128GB, 자급제 (자급제 공기계)"
100점,11번가,2024.12.16.,"
최고예요
",11에서 넘어와서 아주 만족하며 쓰는중프로는 무거워서 포기했네요전에 쓰던거 보다 약간 가벼워서 좋아요!!구매전에는 색상에 대해 고민이 많았는데사자마자 맘에 들기도 들었지만지금까지 쓰면서 질리지 않고 잘 사용중입니다,"APPLE 아이폰16 128GB, 자급제 (자급제 공기계)"
100점,11번가,2024.11.09.,"
최고예요
",새제품 잘 받았습니다.가격도 저렴하고 깔끔하네요.아들이 엄청 좋아하네요.ㅎ,"APPLE 아이폰16 128GB, 자급제 (자급제 공기계)"
100점,11번가,2024.11.08.,"
최고예요
",아이폰7을 거의 9년 쓰다가 16으로 갈아탐디자인 깔끔하고 가벼워요이것도 오래쓸꺼같아요,"APPLE 아이폰16 128GB, 자급제 (자급제 공기계)"
100점,롯데하이마트,2024.09.22.,"
생각보다 커서 한손에 잡기 좀 불
",생각보다 커서 한손에 잡기 좀 불편하지만배송 빠르고 잘받았습니다 좋네요색상이 빨리빠져서 틸 샀는데 그녕 괜찮아요첫날 밤에 받았어요,"APPLE 아이폰16 128GB, 자급제 (자급제 공기계)"
100점,롯데하이마트,2024.09.21.,"
배송도 빨리오고 성능도 최고에요
",배송도 빨리오고 성능도 최고에요,"APPLE 아이폰16 128GB, 자급제 (자급제 공기계)"
100점,11번가,2024.09.27.,"
최고예요
",배송도 빠르게 도착 했고 성능도 마음에 듭니다,"APPLE 아이폰16 128GB, 자급제 (자급제 공기계)"
100점,롯데하이마트,2024.11.23.,"
실물보고 결제했는데 실제 색감이
",실물보고 결제했는데 실제 색감이 훨예뻐요. 그리고 손목이 약해서 가벼운거 찾고 있었는데 딱이에요~ 배송도 빨라서 너무 만족합니다. 하이마트 짱 !,"APPLE 아이폰16 128GB, 자급제 (자급제 공기계)"
100점,11번가,2024.09.23.,"
최고예요
",2차 예약이었는데 1차 배송날 와서 너무 기분이 좋았습니다. 색상도 실물이 더 예쁜 것 같아요. 약간 에메랄드빛에 가깝습니다 !! 다들 고민하다 배송 늦게 받지 마시고 바로 주문하세요 ~~~~!!,"APPLE 아이폰16 128GB, 자급제 (자급제 공기계)"
100점,11번가,2024.12.23.,"
최고예요
",11번가에서 두번 째 핸드폰 구매 해봤습니다16개월 무이자 할부가 된다는 점과빠르고 안전하게 받을 수 있어서 믿고 구매합니다!,"APPLE 아이폰16 128GB, 자급제 (자급제 공기계)"
100점,11번가,2025.01.12.,"
최고예요
",빠르고 안전한 배송 감사합니다.  11번가는 포장 과정도 볼수 있으니 더욱 신뢰가 가네요.,"APPLE 아이폰16 128GB, 자급제 (자급제 공기계)"
100점,롯데하이마트,2024.09.23.,"
디자인 컬러 무엇보다 빠른 배송
",디자인 컬러 무엇보다 빠른 배송 좋습니다!,"APPLE 아이폰16 128GB, 자급제 (자급제 공기계)"
100점,11번가,2024.10.12.,"
최고예요
",3 차신청이엇는데 엄청  빠르게 배송 되었습니다! 안전하게 택배 왔습니다 .  만족해요!,"APPLE 아이폰16 128GB, 자급제 (자급제 공기계)"
100점,롯데하이마트,2024.09.28.,"
목요일 저녁 4시에 주문해서 금요
",목요일 저녁 4시에 주문해서 금요일 점심 때쯤에 받았어요.  사전예약 아니고 온라인 주문이었습니다~ 만족해요.,"APPLE 아이폰16 128GB, 자급제 (자급제 공기계)"
100점,11번가,2024.09.22.,"
최고예요
",생각보다 배송이 엄청 빨랐어요. 새하얗고 예쁩니다. 15에서 16으로 넘어왔는데 카메라 접사 좋네요.,"APPLE 아이폰16 128GB, 자급제 (자급제 공기계)"
100점,11번가,2024.10.09.,"
최고예요
",틸 색상과 고민하다 화이트 구매했는데색상 깨끗하고 정말 예뻐요이번에도 오래오래 쓸 예정입니다,"APPLE 아이폰16 128GB, 자급제 (자급제 공기계)"
100점,11번가,2024.10.06.,"
최고예요
",13미니 쓰고 있었고 2차 예판때 신청했는데 10/2전에 수령했어요. 색이 블랙이라서 깔끔하고 맘에 듭니다.,"APPLE 아이폰16 128GB, 자급제 (자급제 공기계)"
100점,11번가,2025.01.09.,"
최고예요
",성능은 물론이고 색상도 맘에 듭니다. 좋아요,"APPLE 아이폰16 128GB, 자급제 (자급제 공기계)"
100점,롯데하이마트,2024.09.23.,"
20일에 바로 도착했어요!!!화이트
",20일에 바로 도착했어요!!!화이트 무난무난하게 이뻐요 ~사전예약으로 빠르게 받아볼 수 있어 좋네요!!,"APPLE 아이폰16 128GB, 자급제 (자급제 공기계)"
100점,11번가,2024.09.28.,"
최고예요
",화면이 큼직하니 이쁘네요,"APPLE 아이폰16 128GB, 자급제 (자급제 공기계)"
100점,롯데하이마트,2025.01.04.,"
여러 기능들이 만족합니다
",여러 기능들이 만족합니다,"APPLE 아이폰16 128GB, 자급제 (자급제 공기계)"
100점,롯데하이마트,2024.09.22.,"
아이폰16 늦게 해서 2차로 했는데
",아이폰16 늦게 해서 2차로 했는데 토요일에 빠르게 받아 볼 수 있어서 좋았습니다!!,"APPLE 아이폰16 128GB, 자급제 (자급제 공기계)"
100점,롯데하이마트,2024.11.29.,"
제일 좋아하는 롯데 하이마트에서
",제일 좋아하는 롯데 하이마트에서 샀습니다. 롯데가 요즘 뉴스에 화제인데 그렇지 않고 잘 이겨내리라 생각합니다. 아이폰은 역시 좋죠.,"APPLE 아이폰16 128GB, 자급제 (자급제 공기계)"
100점,11번가,2025.01.21.,"
최고예요
",반짝거리는디자인이아니라더마음에들어요,"APPLE 아이폰16 128GB, 자급제 (자급제 공기계)"
100점,SSG.COM,2024.10.26.,"
아이폰 쫌 무섭네요.. 옆에만 와서 데이터가 자동전송되
",아이폰 쫌 무섭네요.. 옆에만 와서 데이터가 자동전송되구 ,"APPLE 아이폰16 128GB, 자급제 (자급제 공기계)"
100점,신세계몰,2024.10.26.,"
아이폰 쫌 무섭네요.. 옆에만 와서 데이터가 자동전송되
",아이폰 쫌 무섭네요.. 옆에만 와서 데이터가 자동전송되구 ,"APPLE 아이폰16 128GB, 자급제 (자급제 공기계)"
100점,11번가,2024.10.23.,"
최고예요
","배송도 생각보다 빨리왔고, 안전하게 잘 온 것 같아요. 제품도 좋고 불량 아니라서 바로 사용했습니다. 역시 화이트가 제일 예쁜 것 같아요. 잘 샀습니다. 할인은 없어서 아쉬웠어요.!","APPLE 아이폰16 128GB, 자급제 (자급제 공기계)"
100점,11번가,2024.09.25.,"
최고예요
",아이폰 16 틸 진짜예뻐요!!너무 만족해요.,"APPLE 아이폰16 128GB, 자급제 (자급제 공기계)"
80점,11번가,2024.10.11.,"
좋아요
",생각보다 빠른배송에 만족합니다 포장도 안전해서 좋았어요,"APPLE 아이폰16 128GB, 자급제 (자급제 공기계)"
100점,롯데하이마트,2024.09.24.,"
너무좋아여 아이폰16 만족 합니다.
",너무좋아여 아이폰16 만족 합니다.,"APPLE 아이폰16 128GB, 자급제 (자급제 공기계)"
100점,11번가,2024.10.28.,"
최고예요
",어제 오후에 주문하고 24시간 안돼서 받았어요박스에 상품명이 안적혀 있어서 안전하네요!이상없는 제품으로 잘 받았습니다,"APPLE 아이폰16 128GB, 자급제 (자급제 공기계)"
100점,롯데하이마트,2024.09.21.,"
딸아이가 가지고 싶어해서 사줬는
",딸아이가 가지고 싶어해서 사줬는데 너무 만족하네요. 좋아서 거실에서 뛰고 사랑한다는 소리를 엄청 들었네요,"APPLE 아이폰16 128GB, 자급제 (자급제 공기계)"
100점,롯데하이마트,2024.09.21.,"
매우 좋음. 아이폰은 아이폰
",매우 좋음. 아이폰은 아이폰,"APPLE 아이폰16 128GB, 자급제 (자급제 공기계)"
100점,11번가,2024.09.29.,"
최고예요
",굿굿 처음 자급제 구매였는데 엄청 빠르게 배송되고 좋?니다!!,"APPLE 아이폰16 128GB, 자급제 (자급제 공기계)"
100점,11번가,2024.10.06.,"
최고예요
",비교하다가 그냥 여기서 구매했는데 배송 지이인짜 빠르고 상품도 너무 잘 왔어요 ㅎㅎ 고민 없이 구매하세요 !!배송전 연락 주셔서 너무 좋았네요,"APPLE 아이폰16 128GB, 자급제 (자급제 공기계)"
100점,롯데하이마트,2024.09.28.,"
아이폰11에서 기변했는데 다 좋습
",아이폰11에서 기변했는데 다 좋습니다,"APPLE 아이폰16 128GB, 자급제 (자급제 공기계)"
100점,11번가,2024.10.09.,"
최고예요
",포장 깔끔하고 배송 빠르네요,"APPLE 아이폰16 128GB, 자급제 (자급제 공기계)"
100점,11번가,2024.10.12.,"
최고예요
",중등 딸 아이를 위한 화이트 깔끔하고 예뻐요.크기도 적당하고 자급자제폰으로 좋아요,"APPLE 아이폰16 128GB, 자급제 (자급제 공기계)"
100점,11번가,2024.11.18.,"
최고예요
",자급제 구매 너무 만족합니다,"APPLE 아이폰16 128GB, 자급제 (자급제 공기계)"
100점,롯데하이마트,2024.09.25.,"
2차이고 어제 받았어요애케플 할
",2차이고 어제 받았어요애케플 할인으로 젤 저렴하게 구입했어요 감사합니다다음에도 하이마트 이용할꺼같아요,"APPLE 아이폰16 128GB, 자급제 (자급제 공기계)"
100점,롯데하이마트,2024.10.02.,"
배송빠르고  아이폰  설명이  필요
",배송빠르고  아이폰  설명이  필요 없죠.아주 좋습니다,"APPLE 아이폰16 128GB, 자급제 (자급제 공기계)"
100점,롯데하이마트,2024.09.23.,"
빠릿빠릿하고 전에 쓰던 lcd가 olde
",빠릿빠릿하고 전에 쓰던 lcd가 olde로 바뀌어선명해 졌어요,"APPLE 아이폰16 128GB, 자급제 (자급제 공기계)"
100점,11번가,2024.10.18.,"
최고예요
",아이폰 12미니 쓰다가 진짜 오랜만에 넘어왔어요! 기분이 아주 좋습니다~,"APPLE 아이폰16 128GB, 자급제 (자급제 공기계)"
100점,롯데하이마트,2024.09.25.,"
배송도빠르고 좋아요? 대만족
",배송도빠르고 좋아요? 대만족합니다,"APPLE 아이폰16 128GB, 자급제 (자급제 공기계)"
100점,롯데하이마트,2024.09.21.,"
빠른 배송 카드할인 만족합니다
",빠른 배송 카드할인 만족합니다,"APPLE 아이폰16 128GB, 자급제 (자급제 공기계)"
100점,롯데하이마트,2024.10.01.,"
깔금하고 색감도 좋아서 만족
",깔금하고 색감도 좋아서 만족,"APPLE 아이폰16 128GB, 자급제 (자급제 공기계)"
100점,롯데하이마트,2024.09.23.,"
예 배송도 빠르고 만족합니다
",예 배송도 빠르고 만족합니다,"APPLE 아이폰16 128GB, 자급제 (자급제 공기계)"
100점,11번가,2024.10.15.,"
최고예요
",배송이 빨랐어요.  포장도 잘되어서 안전하게 도착했어요.  잘 쓸게요.,"APPLE 아이폰16 128GB, 자급제 (자급제 공기계)"
80점,롯데하이마트,2024.10.02.,"
예상 배송일보다 좀 더 일찍 도착
",예상 배송일보다 좀 더 일찍 도착한 점이 만족스럽습니다.,"APPLE 아이폰16 128GB, 자급제 (자급제 공기계)"
100점,11번가,2024.10.04.,"
최고예요
",xr에서 16으로 넘어왔습니다 오랜만에 기변이라 좋네요 빠릿빠?하고,"APPLE 아이폰16 128GB, 자급제 (자급제 공기계)"
100점,롯데하이마트,2024.10.23.,"
배송 빠르고 상품도 만족합니다.
",배송 빠르고 상품도 만족합니다.,"APPLE 아이폰16 128GB, 자급제 (자급제 공기계)"
100점,롯데하이마트,2024.09.29.,"
매우만족합니다  배송이  당일이
",매우만족합니다  배송이  당일이  아니네요  참고하세요,"APPLE 아이폰16 128GB, 자급제 (자급제 공기계)"
100점,11번가,2024.10.15.,"
최고예요
",아이폰 2차 사전예약 처음인데 잘쓰고 있어요!!,"APPLE 아이폰16 128GB, 자급제 (자급제 공기계)"
100점,SSG.COM,2024.10.29.,"
2차 예약인데 금방왔어요  실물이 훨씬 이쁘네요~ 좋아
","2차 예약인데 금방왔어요 
실물이 훨씬 이쁘네요~ 좋아요!","APPLE 아이폰16 128GB, 자급제 (자급제 공기계)"
100점,신세계몰,2024.10.29.,"
2차 예약인데 금방왔어요  실물이 훨씬 이쁘네요~ 좋아
","2차 예약인데 금방왔어요 
실물이 훨씬 이쁘네요~ 좋아요!","APPLE 아이폰16 128GB, 자급제 (자급제 공기계)"
100점,11번가,2024.12.11.,"
최고예요
",컬러가 너무 이쁜데...왜 일반 모델만 색상을..ㅠㅠ프로나 맥스도 이쁜 색상을 내줬으면,"APPLE 아이폰16 128GB, 자급제 (자급제 공기계)"
100점,11번가,2024.10.04.,"
최고예요
",너무 예쁜 인디핑크 짱조아용 실물 최고,"APPLE 아이폰16 128GB, 자급제 (자급제 공기계)"
100점,11번가,2024.11.13.,"
최고예요
",아이가 첫 아이폰이라고 정말 좋아하네요,"APPLE 아이폰16 128GB, 자급제 (자급제 공기계)"
80점,11번가,2024.10.11.,"
좋아요
",오프 매장에 사러갔는데 불친절하셔서 온라인으로 샀습니다 한 일주일 기다렸는데 잘왔습니다,"APPLE 아이폰16 128GB, 자급제 (자급제 공기계)"
100점,11번가,2024.10.16.,"
최고예요
",배송 예정된 날짜보다 빨리받았어요너무 만족스러워요,"APPLE 아이폰16 128GB, 자급제 (자급제 공기계)"
100점,11번가,2024.09.22.,"
최고예요
",만족합니다 번창하세요.,"APPLE 아이폰16 128GB, 자급제 (자급제 공기계)"
100점,11번가,2024.09.28.,"
최고예요
",매트블랙 실물 이쁘네요,"APPLE 아이폰16 128GB, 자급제 (자급제 공기계)"
100점,11번가,2024.09.28.,"
최고예요
",만족합니다 잘쓰겠습니다,"APPLE 아이폰16 128GB, 자급제 (자급제 공기계)"
100점,11번가,2025.01.20.,"
최고예요
",급하게 주문할 일이 있었는데 11번가가 저렴하고 배송도 좋네용,"APPLE 아이폰16 128GB, 자급제 (자급제 공기계)"
100점,11번가,2024.11.01.,"
최고예요
",일반과 프로 중에 고민을 많이 했는데 일반도 충분하네요. 좋습니다!,"APPLE 아이폰16 128GB, 자급제 (자급제 공기계)"
100점,롯데하이마트,2024.09.22.,"
배송이 하루 늦은 21일 오후에 완
",배송이 하루 늦은 21일 오후에 완료되었습니다20일 출시라서 학수고대했는데 너무너무 아쉬워요,"APPLE 아이폰16 128GB, 자급제 (자급제 공기계)"
100점,롯데하이마트,2024.09.21.,"
아주 만족합니다 감사
",아주 만족합니다 감사,"APPLE 아이폰16 128GB, 자급제 (자급제 공기계)"
100점,11번가,2024.10.23.,"
최고예요
",잘사용중입니다 굿! 오랜만에 핸드폰 바꾸니 좋네용,"APPLE 아이폰16 128GB, 자급제 (자급제 공기계)"
100점,11번가,2024.10.15.,"
최고예요
",상품과 배송 모두만족 합니다.,"APPLE 아이폰16 128GB, 자급제 (자급제 공기계)"
100점,롯데하이마트,2024.09.23.,"
사전예약으로 빠르게 받아서 좋습
",사전예약으로 빠르게 받아서 좋습니다,"APPLE 아이폰16 128GB, 자급제 (자급제 공기계)"
100점,11번가,2024.09.22.,"
최고예요
",만족합니다 번창하세요.,"APPLE 아이폰16 128GB, 자급제 (자급제 공기계)"
100점,11번가,2024.09.28.,"
최고예요
",매트블랙 실물 이쁘네요,"APPLE 아이폰16 128GB, 자급제 (자급제 공기계)"
100점,11번가,2024.09.28.,"
최고예요
",만족합니다 잘쓰겠습니다,"APPLE 아이폰16 128GB, 자급제 (자급제 공기계)"
100점,11번가,2025.01.20.,"
최고예요
",급하게 주문할 일이 있었는데 11번가가 저렴하고 배송도 좋네용,"APPLE 아이폰16 128GB, 자급제 (자급제 공기계)"
100점,11번가,2024.11.01.,"
최고예요
",일반과 프로 중에 고민을 많이 했는데 일반도 충분하네요. 좋습니다!,"APPLE 아이폰16 128GB, 자급제 (자급제 공기계)"
100점,롯데하이마트,2024.09.22.,"
배송이 하루 늦은 21일 오후에 완
",배송이 하루 늦은 21일 오후에 완료되었습니다20일 출시라서 학수고대했는데 너무너무 아쉬워요,"APPLE 아이폰16 128GB, 자급제 (자급제 공기계)"
100점,롯데하이마트,2024.09.21.,"
아주 만족합니다 감사
",아주 만족합니다 감사,"APPLE 아이폰16 128GB, 자급제 (자급제 공기계)"
100점,11번가,2024.10.23.,"
최고예요
",잘사용중입니다 굿! 오랜만에 핸드폰 바꾸니 좋네용,"APPLE 아이폰16 128GB, 자급제 (자급제 공기계)"
100점,11번가,2024.10.15.,"
최고예요
",상품과 배송 모두만족 합니다.,"APPLE 아이폰16 128GB, 자급제 (자급제 공기계)"
100점,롯데하이마트,2024.09.23.,"
사전예약으로 빠르게 받아서 좋습
",사전예약으로 빠르게 받아서 좋습니다,"APPLE 아이폰16 128GB, 자급제 (자급제 공기계)"
100점,11번가,2024.11.02.,"
최고예요
",새로운 아이폰16 아주 좋음,"APPLE 아이폰16 128GB, 자급제 (자급제 공기계)"
100점,11번가,2024.12.22.,"
최고예요
",늘 사용하던 아이폰 역시나 너무 좋아요,"APPLE 아이폰16 128GB, 자급제 (자급제 공기계)"
100점,11번가,2024.09.26.,"
최고예요
",3차예약인데 정말 정말 일찍왔어요!!예쁜 핸폰 보내쥬셔서 감사해요,"APPLE 아이폰16 128GB, 자급제 (자급제 공기계)"
100점,11번가,2024.10.29.,"
최고예요
",배송 빠르고 좋았어요 색상 존예탱구리ㅜㅜ,"APPLE 아이폰16 128GB, 자급제 (자급제 공기계)"
100점,11번가,2024.11.08.,"
최고예요
",화이트 색감 좋고 아주 잘 쓰고 있습니다,"APPLE 아이폰16 128GB, 자급제 (자급제 공기계)"
100점,11번가,2024.10.10.,"
최고예요
",배송이 하루만테 왔어요! 역시 11번가 빠르고 좋아요,"APPLE 아이폰16 128GB, 자급제 (자급제 공기계)"
100점,11번가,2024.11.01.,"
최고예요
",배송도 빠르고 포인트도 받아서 너무좋아요^^ㅋㅋㅋㅋ,"APPLE 아이폰16 128GB, 자급제 (자급제 공기계)"
100점,롯데하이마트,2024.09.21.,"
깔끔하고 괜찮아요^^
",깔끔하고 괜찮아요^^,"APPLE 아이폰16 128GB, 자급제 (자급제 공기계)"
100점,11번가,2024.09.24.,"
최고예요
",생각보다 배송도 빠르게 잘 받았습니다.,"APPLE 아이폰16 128GB, 자급제 (자급제 공기계)"
100점,11번가,2025.01.20.,"
최고예요
",아주 맘에드네요. 정말 빠른배송. 우체국택배보다 두배는 빠른것같아요. 정말 맘에 들고 행복합니다,"APPLE 아이폰16 128GB, 자급제 (자급제 공기계)"
100점,11번가,2024.10.27.,"
최고예요
",중학교 입학을 앞둔 아이선물용 으로 구매했습니다,"APPLE 아이폰16 128GB, 자급제 (자급제 공기계)"
100점,11번가,2025.01.27.,"
최고예요
",딸래미가 만족해합니다.,"APPLE 아이폰16 128GB, 자급제 (자급제 공기계)"
100점,11번가,2024.11.07.,"
최고예요
",아이핸드폰으로 바꿔줬는데너무너무 가볍고좋네요~,"APPLE 아이폰16 128GB, 자급제 (자급제 공기계)"
100점,11번가,2024.09.30.,"
최고예요
",와이프꺼 2차 예약인데 엄청 빨리 배송와서 놀랬어요,"APPLE 아이폰16 128GB, 자급제 (자급제 공기계)"
100점,11번가,2025.01.20.,"
최고예요
",딸 졸업 선물 최고,"APPLE 아이폰16 128GB, 자급제 (자급제 공기계)"
100점,롯데하이마트,2024.09.23.,"
깔끔하게 괜잖아요 많이 파세요
",깔끔하게 괜잖아요 많이 파세요,"APPLE 아이폰16 128GB, 자급제 (자급제 공기계)"
100점,롯데ON,2024.12.11.,"
배송 빠르고 12쓰다가 16으로 넘어
",배송 빠르고 12쓰다가 16으로 넘어왔는데 좋네요.,"APPLE 아이폰16 128GB, 자급제 (자급제 공기계)"
100점,11번가,2025.01.14.,"
최고예요
","집앞 배송으로 절 받았고, 무광 화이트라 깔끔해요","APPLE 아이폰16 128GB, 자급제 (자급제 공기계)"
100점,11번가,2024.09.30.,"
최고예요
",생각보다 너무 빨리 와서 깜짝 놀랐어요 아주 잘 쓰고 있습니다,"APPLE 아이폰16 128GB, 자급제 (자급제 공기계)"
100점,11번가,2024.09.27.,"
최고예요
",좋아요 빠르게 받았어요,"APPLE 아이폰16 128GB, 자급제 (자급제 공기계)"
100점,11번가,2024.11.15.,"
최고예요
",배송도 빠르고 너무 마음애 들어요,"APPLE 아이폰16 128GB, 자급제 (자급제 공기계)"
100점,11번가,2024.10.23.,"
최고예요
",배송 빠르네요포인트 받고 삽니다,"APPLE 아이폰16 128GB, 자급제 (자급제 공기계)"
100점,11번가,2024.11.12.,"
최고예요
","배송, 제품 모두 믿을 수 있어서 좋습니다그동안 고생했쪄 아이폰8!","APPLE 아이폰16 128GB, 자급제 (자급제 공기계)"
100점,11번가,2025.01.25.,"
최고예요
",조카 선물로 구매했는데 좋아하네요. 배송도 빨랐고 예쁩니다.,"APPLE 아이폰16 128GB, 자급제 (자급제 공기계)"
100점,롯데하이마트,2024.09.21.,"
빠르고 좋네요...
",빠르고 좋네요...,"APPLE 아이폰16 128GB, 자급제 (자급제 공기계)"
100점,11번가,2024.10.15.,"
최고예요
",너무 이쁘게 잘 쓰고있습니다~,"APPLE 아이폰16 128GB, 자급제 (자급제 공기계)"
100점,11번가,2024.10.15.,"
최고예요
",배송 다음날 바로왔어요!!! 화이트 넘 이뿌네용,"APPLE 아이폰16 128GB, 자급제 (자급제 공기계)"
100점,11번가,2024.10.17.,"
최고예요
",매우 좋네요 이쁘고 강추입니다,"APPLE 아이폰16 128GB, 자급제 (자급제 공기계)"
100점,11번가,2024.10.28.,"
최고예요
",화이트 예쁘네요배송 빨라요 하루만에 도착했어요~,"APPLE 아이폰16 128GB, 자급제 (자급제 공기계)"
100점,11번가,2024.12.29.,"
최고예요
",빠르게 잘 받았습니다.잘 사용하겠습니다.,"APPLE 아이폰16 128GB, 자급제 (자급제 공기계)"
100점,롯데하이마트,2024.09.28.,"
9/27 2차 순차배송이었는데 9/25에
",9/27 2차 순차배송이었는데 9/25에 배송됐습니다,"APPLE 아이폰16 128GB, 자급제 (자급제 공기계)"
100점,11번가,2024.10.12.,"
최고예요
",비싸지만.. 잘 쓰겠습니다.,"APPLE 아이폰16 128GB, 자급제 (자급제 공기계)"
100점,11번가,2024.10.14.,"
최고예요
",11프로에서 바꿨는데 확실히 빠른데 체감 돼요,"APPLE 아이폰16 128GB, 자급제 (자급제 공기계)"
60점,11번가,2024.11.21.,"
보통이에요
",상품에 문제는 없고 잘 쓰고 있으나배송이 역대급최악이 였습니다.,"APPLE 아이폰16 128GB, 자급제 (자급제 공기계)"
100점,11번가,2024.10.24.,"
최고예요
",배송빠르고 제품도 좋아요,"APPLE 아이폰16 128GB, 자급제 (자급제 공기계)"
100점,11번가,2024.10.29.,"
최고예요
",정말 면단위 사는데 정말 다음날 아침에와서 너무 좋았습니다.,"APPLE 아이폰16 128GB, 자급제 (자급제 공기계)"
100점,11번가,2024.10.01.,"
최고예요
",일반 모델 화이트 예뻐요 ㅎㅎ,"APPLE 아이폰16 128GB, 자급제 (자급제 공기계)"
100점,롯데하이마트,2024.09.25.,"
괜잖아요~나쁘지 않아요 이뻐요
",괜잖아요~나쁘지 않아요 이뻐요,"APPLE 아이폰16 128GB, 자급제 (자급제 공기계)"
20점,11번가,2024.10.28.,"
최악이에요
",내가 이걸 왜 샀지?  걍 짜증만 난다 뭐가 바뀐건지 참나,"APPLE 아이폰16 128GB, 자급제 (자급제 공기계)"
100점,롯데하이마트,2024.10.28.,"
빠른 배송 좋았어요!네이버페이
",빠른 배송 좋았어요!네이버페이 결제로 적립도 잘 받았어요.,"APPLE 아이폰16 128GB, 자급제 (자급제 공기계)"
100점,신세계몰,2024.11.30.,"
감사합니다. 잘 받았습니다. 감사합니다. 잘 받았습니다
",감사합니다. 잘 받았습니다. 감사합니다. 잘 받았습니다.,"APPLE 아이폰16 128GB, 자급제 (자급제 공기계)"
100점,SSG.COM,2024.11.30.,"
감사합니다. 잘 받았습니다. 감사합니다. 잘 받았습니다
",감사합니다. 잘 받았습니다. 감사합니다. 잘 받았습니다.,"APPLE 아이폰16 128GB, 자급제 (자급제 공기계)"
100점,롯데하이마트,2024.09.23.,"
생각보다 빠른배송에 감사합니다
",생각보다 빠른배송에 감사합니다 잘 구매했습니다,"APPLE 아이폰16 128GB, 자급제 (자급제 공기계)"
100점,11번가,2024.10.12.,"
최고예요
",배송도 빠르도 좋네요,"APPLE 아이폰16 128GB, 자급제 (자급제 공기계)"
100점,11번가,2024.10.25.,"
최고예요
",예정 날짜보다 훨씬 빨리 도착해서 놀랐네요잘 쓰고있습니다,"APPLE 아이폰16 128GB, 자급제 (자급제 공기계)"
100점,11번가,2024.11.06.,"
최고예요
",너무 예쁘고 마음에 들어요.   큰 맘 먹고 구매했어요.,"APPLE 아이폰16 128GB, 자급제 (자급제 공기계)"
100점,11번가,2025.01.24.,"
최고예요
",좋은 제품 빠르게 잘 받았습니다,"APPLE 아이폰16 128GB, 자급제 (자급제 공기계)"
100점,11번가,2024.10.01.,"
최고예요
",역시 실물이 너무 이쁩니다,"APPLE 아이폰16 128GB, 자급제 (자급제 공기계)"
100점,11번가,2024.10.03.,"
최고예요
",16 선물했어요! 엄청 맘에 든대요.,"APPLE 아이폰16 128GB, 자급제 (자급제 공기계)"
100점,11번가,2024.10.21.,"
최고예요
",좋아요 배송빠르구요,"APPLE 아이폰16 128GB, 자급제 (자급제 공기계)"
100점,롯데하이마트,2024.09.25.,"
역시블랙이에여. 다음에또
",역시블랙이에여. 다음에또,"APPLE 아이폰16 128GB, 자급제 (자급제 공기계)"
100점,SSG.COM,2024.10.19.,"
핑크보단 라벤더에 가까우네요 예뻐요
",핑크보단 라벤더에 가까우네요 예뻐요,"APPLE 아이폰16 128GB, 자급제 (자급제 공기계)"
100점,신세계몰,2024.10.19.,"
핑크보단 라벤더에 가까우네요 예뻐요
",핑크보단 라벤더에 가까우네요 예뻐요,"APPLE 아이폰16 128GB, 자급제 (자급제 공기계)"
100점,11번가,2024.10.24.,"
최고예요
",너무이쁘고 좋아요,"APPLE 아이폰16 128GB, 자급제 (자급제 공기계)"
100점,11번가,2024.10.29.,"
최고예요
",좋은 제품 보내주셔서 감사합니다. 상품 아주 좋네요.,"APPLE 아이폰16 128GB, 자급제 (자급제 공기계)"
100점,11번가,2024.09.26.,"
최고예요
",색도 실물이 더 예뻐요,"APPLE 아이폰16 128GB, 자급제 (자급제 공기계)"
100점,SSG.COM,2024.10.11.,"
사전예약으로 잘 구매했어요 좋아요
",사전예약으로 잘 구매했어요 좋아요,"APPLE 아이폰16 128GB, 자급제 (자급제 공기계)"
100점,신세계몰,2024.10.11.,"
사전예약으로 잘 구매했어요 좋아요
",사전예약으로 잘 구매했어요 좋아요,"APPLE 아이폰16 128GB, 자급제 (자급제 공기계)"
100점,11번가,2024.10.19.,"
최고예요
",좋습니다. 마음에 들어요.배송도 빨리 도착했습니다.,"APPLE 아이폰16 128GB, 자급제 (자급제 공기계)"
100점,11번가,2024.12.21.,"
최고예요
",배송도 빠르고 좋아요~~~,"APPLE 아이폰16 128GB, 자급제 (자급제 공기계)"
100점,롯데하이마트,2024.09.25.,"
일찍받아서 콧방귀끼면서 잘사용
",일찍받아서 콧방귀끼면서 잘사용하겠습니다,"APPLE 아이폰16 128GB, 자급제 (자급제 공기계)"
100점,SSG.COM,2024.10.14.,"
틸 색상 너무 이뻐요 맘에듭니다
",틸 색상 너무 이뻐요 맘에듭니다,"APPLE 아이폰16 128GB, 자급제 (자급제 공기계)"
100점,신세계몰,2024.10.14.,"
틸 색상 너무 이뻐요 맘에듭니다
",틸 색상 너무 이뻐요 맘에듭니다,"APPLE 아이폰16 128GB, 자급제 (자급제 공기계)"
100점,롯데하이마트,2024.09.24.,"
12사용하다 이번에 갈아탔는데 좋
",12사용하다 이번에 갈아탔는데 좋아요,"APPLE 아이폰16 128GB, 자급제 (자급제 공기계)"
100점,11번가,2024.11.27.,"
최고예요
",11번가에서 사게돼서 오만원할인도받고 감사합니다,"APPLE 아이폰16 128GB, 자급제 (자급제 공기계)"
100점,11번가,2024.12.14.,"
최고예요
",배송이 빠르고 좋네요!,"APPLE 아이폰16 128GB, 자급제 (자급제 공기계)"
100점,롯데하이마트,2024.11.12.,"
딸 선물용으로 잘 구입했어요
",딸 선물용으로 잘 구입했어요,"APPLE 아이폰16 128GB, 자급제 (자급제 공기계)"
100점,이마트인터넷쇼핑몰,2024.09.21.,"
바꾸니깐 좋네요 잘 사용하겠습니다
",바꾸니깐 좋네요 잘 사용하겠습니다,"APPLE 아이폰16 128GB, 자급제 (자급제 공기계)"
100점,SSG.COM,2024.09.21.,"
바꾸니깐 좋네요 잘 사용하겠습니다
",바꾸니깐 좋네요 잘 사용하겠습니다,"APPLE 아이폰16 128GB, 자급제 (자급제 공기계)"
100점,11번가,2024.09.27.,"
최고예요
",10월1일 출고예정인데 빨리왔어요,"APPLE 아이폰16 128GB, 자급제 (자급제 공기계)"
100점,11번가,2024.09.30.,"
최고예요
",예정보다 빨리 배송되었어요좋아요,"APPLE 아이폰16 128GB, 자급제 (자급제 공기계)"
100점,11번가,2024.09.21.,"
최고예요
",판매자님의 빠른출고에 감사합니다,"APPLE 아이폰16 128GB, 자급제 (자급제 공기계)"
100점,11번가,2024.10.11.,"
최고예요
",오랜만에 바꿔서 기대돼요,"APPLE 아이폰16 128GB, 자급제 (자급제 공기계)"
100점,11번가,2024.10.08.,"
최고예요
",좋은  제품  잘 먹었습니다 구매했습니다,"APPLE 아이폰16 128GB, 자급제 (자급제 공기계)"
100점,11번가,2024.10.11.,"
최고예요
",아이가 너무 좋아해요~,"APPLE 아이폰16 128GB, 자급제 (자급제 공기계)"
100점,11번가,2024.11.10.,"
최고예요
",새로산 폰 잘 시용하고 있습니다 좋아요.,"APPLE 아이폰16 128GB, 자급제 (자급제 공기계)"
100점,롯데하이마트,2024.10.08.,"
예뻐욤 검정색이 영롱하고 시선이
",예뻐욤 검정색이 영롱하고 시선이 끌려요,"APPLE 아이폰16 128GB, 자급제 (자급제 공기계)"
100점,롯데하이마트,2024.10.15.,"
좋아요 미니쓰다가 큰거쓰니까 시
",좋아요 미니쓰다가 큰거쓰니까 시원하네요,"APPLE 아이폰16 128GB, 자급제 (자급제 공기계)"
100점,11번가,2024.10.19.,"
최고예요
",하루만에 왔어요! 너무 좋습니당 ㅎㅎㅎ,"APPLE 아이폰16 128GB, 자급제 (자급제 공기계)"
100점,11번가,2024.10.21.,"
최고예요
",배송이 빨라요24시간 안에 배송되었어요,"APPLE 아이폰16 128GB, 자급제 (자급제 공기계)"
100점,롯데하이마트,2024.10.03.,"
딸래미 핸펀받구 좋아하네요..~
",딸래미 핸펀받구 좋아하네요..~,"APPLE 아이폰16 128GB, 자급제 (자급제 공기계)"
100점,롯데하이마트,2024.09.23.,"
너무 마음에 듭니다~
",너무 마음에 듭니다~,"APPLE 아이폰16 128GB, 자급제 (자급제 공기계)"
100점,11번가,2024.09.25.,"
최고예요
",감사합니다 수고하세요,"APPLE 아이폰16 128GB, 자급제 (자급제 공기계)"
100점,11번가,2024.10.30.,"
최고예요
",당일 받아볼수있어 완전 좋았어요,"APPLE 아이폰16 128GB, 자급제 (자급제 공기계)"
100점,11번가,2024.10.09.,"
최고예요
",배송 예정보다 빨리왓어요~~~,"APPLE 아이폰16 128GB, 자급제 (자급제 공기계)"
100점,11번가,2024.11.24.,"
최고예요
",아이 생선인데 너무 좋아하네요,"APPLE 아이폰16 128GB, 자급제 (자급제 공기계)"
100점,롯데하이마트,2024.11.17.,"
배송이 빨라요. 잘 샀어요.
",배송이 빨라요. 잘 샀어요.,"APPLE 아이폰16 128GB, 자급제 (자급제 공기계)"
100점,11번가,2024.10.10.,"
최고예요
",배송이 진짜 빨라서 좋아요,"APPLE 아이폰16 128GB, 자급제 (자급제 공기계)"
100점,11번가,2024.12.02.,"
최고예요
",하루만에 도착해서 잘 쓰고 있어요,"APPLE 아이폰16 128GB, 자급제 (자급제 공기계)"
100점,롯데하이마트,2024.10.04.,"
예쁘고 좋습니다!!!!
",예쁘고 좋습니다!!!!,"APPLE 아이폰16 128GB, 자급제 (자급제 공기계)"
100점,롯데하이마트,2024.10.03.,"
딸래미 핸펀받구 좋아하네요..~
",딸래미 핸펀받구 좋아하네요..~,"APPLE 아이폰16 128GB, 자급제 (자급제 공기계)"
100점,롯데하이마트,2024.09.23.,"
너무 마음에 듭니다~
",너무 마음에 듭니다~,"APPLE 아이폰16 128GB, 자급제 (자급제 공기계)"
100점,11번가,2024.09.25.,"
최고예요
",감사합니다 수고하세요,"APPLE 아이폰16 128GB, 자급제 (자급제 공기계)"
100점,11번가,2024.10.30.,"
최고예요
",당일 받아볼수있어 완전 좋았어요,"APPLE 아이폰16 128GB, 자급제 (자급제 공기계)"
100점,11번가,2024.10.09.,"
최고예요
",배송 예정보다 빨리왓어요~~~,"APPLE 아이폰16 128GB, 자급제 (자급제 공기계)"
100점,11번가,2024.11.24.,"
최고예요
",아이 생선인데 너무 좋아하네요,"APPLE 아이폰16 128GB, 자급제 (자급제 공기계)"
100점,롯데하이마트,2024.11.17.,"
배송이 빨라요. 잘 샀어요.
",배송이 빨라요. 잘 샀어요.,"APPLE 아이폰16 128GB, 자급제 (자급제 공기계)"
100점,11번가,2024.10.10.,"
최고예요
",배송이 진짜 빨라서 좋아요,"APPLE 아이폰16 128GB, 자급제 (자급제 공기계)"
100점,11번가,2024.12.02.,"
최고예요
",하루만에 도착해서 잘 쓰고 있어요,"APPLE 아이폰16 128GB, 자급제 (자급제 공기계)"
100점,롯데하이마트,2024.10.04.,"
예쁘고 좋습니다!!!!
",예쁘고 좋습니다!!!!,"APPLE 아이폰16 128GB, 자급제 (자급제 공기계)"
100점,11번가,2024.10.09.,"
최고예요
",배송이 빨라서 좋았어요,"APPLE 아이폰16 128GB, 자급제 (자급제 공기계)"
100점,11번가,2024.10.13.,"
최고예요
",빠른배송 잘 받았습니다,"APPLE 아이폰16 128GB, 자급제 (자급제 공기계)"
100점,롯데하이마트,2024.10.20.,"
제품이 마음에 들어요.
",제품이 마음에 들어요.,"APPLE 아이폰16 128GB, 자급제 (자급제 공기계)"
100점,롯데하이마트,2024.11.20.,"
빠른배송에 잘받아습니다
",빠른배송에 잘받아습니다,"APPLE 아이폰16 128GB, 자급제 (자급제 공기계)"
100점,SSG.COM,2024.10.26.,"
잘 쓰고 있어요 ^^
",잘 쓰고 있어요 ^^,"APPLE 아이폰16 128GB, 자급제 (자급제 공기계)"
100점,신세계몰,2024.10.26.,"
잘 쓰고 있어요 ^^
",잘 쓰고 있어요 ^^,"APPLE 아이폰16 128GB, 자급제 (자급제 공기계)"
100점,11번가,2024.11.25.,"
최고예요
",빠른 배송 감사합니다,"APPLE 아이폰16 128GB, 자급제 (자급제 공기계)"
100점,11번가,2024.11.06.,"
최고예요
",빠른배송에 잘샀어요,"APPLE 아이폰16 128GB, 자급제 (자급제 공기계)"
100점,11번가,2024.11.21.,"
최고예요
",예쁘고 너무 좋아요,"APPLE 아이폰16 128GB, 자급제 (자급제 공기계)"
100점,11번가,2024.11.26.,"
최고예요
",진짜 예쁘고 좋아욥,"APPLE 아이폰16 128GB, 자급제 (자급제 공기계)"
80점,11번가,2025.01.20.,"
좋아요
",감사합니다 배송이 엄청빨라요,"APPLE 아이폰16 128GB, 자급제 (자급제 공기계)"
100점,11번가,2025.01.13.,"
최고예요
",조아여유유규규규구ㅜ숙,"APPLE 아이폰16 128GB, 자급제 (자급제 공기계)"
100점,신세계몰,2024.12.02.,"
배송이 빠릅니다..
",배송이 빠릅니다..,"APPLE 아이폰16 128GB, 자급제 (자급제 공기계)"
100점,SSG.COM,2024.12.02.,"
배송이 빠릅니다..
",배송이 빠릅니다..,"APPLE 아이폰16 128GB, 자급제 (자급제 공기계)"
100점,11번가,2024.10.31.,"
최고예요
",아주 좋습니다 굿굿굿,"APPLE 아이폰16 128GB, 자급제 (자급제 공기계)"
100점,11번가,2024.09.23.,"
최고예요
",16프로랑 차이점이 별로 없어서 좋아요,"APPLE 아이폰16 128GB, 자급제 (자급제 공기계)"
100점,11번가,2024.09.30.,"
최고예요
",너무빨리오는군요. 좋아요. 너무빨리오네요. 좋아요.,"APPLE 아이폰16 128GB, 자급제 (자급제 공기계)"
100점,11번가,2025.01.31.,"
최고예요
",성능도 우수하고 배송도 빨라요,"APPLE 아이폰16 128GB, 자급제 (자급제 공기계)"
60점,11번가,2024.12.01.,"
보통이에요
",ㅓ거가다다ㅏ자재재ㅐㅈ,"APPLE 아이폰16 128GB, 자급제 (자급제 공기계)"
100점,11번가,2024.11.01.,"
최고예요
",아주아주 아주 조아용,"APPLE 아이폰16 128GB, 자급제 (자급제 공기계)"
100점,롯데하이마트,2024.09.22.,"
이뻐서 좋네요 잘 쓸게요 ㅎㅎ
",이뻐서 좋네요 잘 쓸게요 ㅎㅎ,"APPLE 아이폰16 128GB, 자급제 (자급제 공기계)"
100점,롯데하이마트,2024.09.21.,"
좋아요좋아요좋ㅎ라용
",좋아요좋아요좋ㅎ라용,"APPLE 아이폰16 128GB, 자급제 (자급제 공기계)"
100점,11번가,2024.09.21.,"
최고예요
",잘 받았습니다. 생각보다 빨리 옴,"APPLE 아이폰16 128GB, 자급제 (자급제 공기계)"
100점,11번가,2024.09.21.,"
최고예요
",리뷰 왜 일케 안 써져요 ㅜㅜ,"APPLE 아이폰16 128GB, 자급제 (자급제 공기계)"
100점,롯데하이마트,2024.09.27.,"
잘 받았습니다. 딸이 좋아하네요.
",잘 받았습니다. 딸이 좋아하네요.,"APPLE 아이폰16 128GB, 자급제 (자급제 공기계)"
100점,11번가,2024.10.06.,"
최고예요
",goodgoodgoodgoodgoodgoodgood,"APPLE 아이폰16 128GB, 자급제 (자급제 공기계)"
100점,11번가,2024.10.06.,"
최고예요
",오 색이 정말 이쁨,"APPLE 아이폰16 128GB, 자급제 (자급제 공기계)"
100점,신세계몰,2024.09.25.,"
예약일 보다 빨리와서 좋습니다 ㅎ
",예약일 보다 빨리와서 좋습니다 ㅎ,"APPLE 아이폰16 128GB, 자급제 (자급제 공기계)"
100점,SSG.COM,2024.09.25.,"
예약일 보다 빨리와서 좋습니다 ㅎ
",예약일 보다 빨리와서 좋습니다 ㅎ,"APPLE 아이폰16 128GB, 자급제 (자급제 공기계)"
100점,11번가,2024.10.15.,"
최고예요
",아이폰은 처음이네요 아이가 너무 좋아하네요^^ 순백의 화이트 이쁘네요♡,"APPLE 아이폰16 128GB, 자급제 (자급제 공기계)"
100점,11번가,2024.10.16.,"
최고예요
",잘샀습니다. 잘 쓰겠습니다.,"APPLE 아이폰16 128GB, 자급제 (자급제 공기계)"
100점,11번가,2024.10.20.,"
최고예요
",고민하다가 핑크색으로 구입하였습니다. 색 만족해요:),"APPLE 아이폰16 128GB, 자급제 (자급제 공기계)"
100점,11번가,2024.10.21.,"
최고예요
",너무 너무 너무 너무 좋아요,"APPLE 아이폰16 128GB, 자급제 (자급제 공기계)"
100점,11번가,2024.11.04.,"
최고예요
",너무 맘에 들고 좋아요.,"APPLE 아이폰16 128GB, 자급제 (자급제 공기계)"
100점,11번가,2024.12.28.,"
최고예요
","좋은 제품에, 가격에, 안전한 배송까지 모두 만족합니다. 감사히 잘 쓸게요:-)","APPLE 아이폰16 128GB, 자급제 (자급제 공기계)"
100점,11번가,2025.01.07.,"
최고예요
",좋아요 좋아요 좋아요,"APPLE 아이폰16 128GB, 자급제 (자급제 공기계)"
